year,county,B17020_001E,B17020_002E,B17020_003E,B17020_004E,B17020_005E,state,county 1
01/01/2018 12:00:00 AM,"Tazewell County, Virginia",40559,6550,895,711,351,51,185
01/01/2015 12:00:00 AM,"Accomack County, Virginia",32582,6384,741,828,497,51,001
01/01/2015 12:00:00 AM,"Albemarle County, Virginia",95348,9714,735,502,829,51,003
01/01/2015 12:00:00 AM,"Alleghany County, Virginia",15765,2682,246,295,225,51,005
01/01/2015 12:00:00 AM,"Amelia County, Virginia",12665,1471,205,187,81,51,007
01/01/2015 12:00:00 AM,"Amherst County, Virginia",31371,4086,353,422,357,51,009
01/01/2014 12:00:00 AM,"Accomack County, Virginia",32646,6697,849,847,427,51,001
01/01/2015 12:00:00 AM,"Appomattox County, Virginia",15116,2668,204,314,361,51,011
01/01/2014 12:00:00 AM,"Albemarle County, Virginia",94466,9162,623,528,839,51,003
01/01/2015 12:00:00 AM,"Arlington County, Virginia",221211,19996,1558,1412,1235,51,013
01/01/2014 12:00:00 AM,"Alleghany County, Virginia",15836,2250,195,285,130,51,005
01/01/2015 12:00:00 AM,"Augusta County, Virginia",70277,6694,500,683,825,51,015
01/01/2014 12:00:00 AM,"Amelia County, Virginia",12658,1210,113,121,57,51,007
01/01/2015 12:00:00 AM,"Bath County, Virginia",4488,347,9,0,22,51,017
01/01/2014 12:00:00 AM,"Amherst County, Virginia",31337,3509,379,289,248,51,009
01/01/2015 12:00:00 AM,"Bedford County, Virginia",75856,7372,791,589,663,51,019
01/01/2014 12:00:00 AM,"Appomattox County, Virginia",14983,2732,199,261,391,51,011
01/01/2015 12:00:00 AM,"Bland County, Virginia",5725,621,80,52,23,51,021
01/01/2014 12:00:00 AM,"Arlington County, Virginia",217382,19115,1601,1360,1336,51,013
01/01/2015 12:00:00 AM,"Botetourt County, Virginia",32837,2701,240,274,280,51,023
01/01/2014 12:00:00 AM,"Augusta County, Virginia",69988,6536,632,594,747,51,015
01/01/2015 12:00:00 AM,"Brunswick County, Virginia",14829,3298,440,349,289,51,025
01/01/2014 12:00:00 AM,"Bath County, Virginia",4559,426,12,0,29,51,017
01/01/2015 12:00:00 AM,"Buchanan County, Virginia",22362,5841,540,421,674,51,027
01/01/2014 12:00:00 AM,"Bedford County, Virginia",75046,7638,969,732,546,51,019
01/01/2015 12:00:00 AM,"Buckingham County, Virginia",15010,2867,320,369,334,51,029
01/01/2014 12:00:00 AM,"Bland County, Virginia",5790,784,100,80,36,51,021
01/01/2015 12:00:00 AM,"Campbell County, Virginia",54455,7309,724,685,695,51,031
01/01/2014 12:00:00 AM,"Botetourt County, Virginia",32784,2350,220,282,252,51,023
01/01/2015 12:00:00 AM,"Caroline County, Virginia",27164,3601,408,530,469,51,033
01/01/2014 12:00:00 AM,"Brunswick County, Virginia",14848,3491,515,356,366,51,025
01/01/2015 12:00:00 AM,"Carroll County, Virginia",29692,5017,494,365,458,51,035
01/01/2014 12:00:00 AM,"Buchanan County, Virginia",22612,5427,581,505,605,51,027
01/01/2015 12:00:00 AM,"Charles City County, Virginia",7089,933,66,92,114,51,036
01/01/2014 12:00:00 AM,"Buckingham County, Virginia",14382,3189,396,330,456,51,029
01/01/2015 12:00:00 AM,"Charlotte County, Virginia",12138,2589,395,148,277,51,037
01/01/2014 12:00:00 AM,"Campbell County, Virginia",54287,8035,862,732,737,51,031
01/01/2015 12:00:00 AM,"Chesterfield County, Virginia",323229,24002,2681,2530,2590,51,041
01/01/2014 12:00:00 AM,"Caroline County, Virginia",27281,3411,395,433,477,51,033
01/01/2015 12:00:00 AM,"Clarke County, Virginia",14064,1556,213,78,221,51,043
01/01/2014 12:00:00 AM,"Carroll County, Virginia",29703,5502,560,480,464,51,035
01/01/2015 12:00:00 AM,"Craig County, Virginia",5195,611,45,117,15,51,045
01/01/2014 12:00:00 AM,"Charles City County, Virginia",7130,972,57,89,104,51,036
01/01/2015 12:00:00 AM,"Culpeper County, Virginia",46698,4320,554,434,295,51,047
01/01/2014 12:00:00 AM,"Charlotte County, Virginia",12217,2359,354,197,271,51,037
01/01/2015 12:00:00 AM,"Cumberland County, Virginia",9759,1996,350,145,268,51,049
01/01/2014 12:00:00 AM,"Chesterfield County, Virginia",319272,23079,2625,2386,2431,51,041
01/01/2015 12:00:00 AM,"Dickenson County, Virginia",15059,3225,445,287,293,51,051
01/01/2014 12:00:00 AM,"Clarke County, Virginia",14001,1336,140,101,159,51,043
01/01/2015 12:00:00 AM,"Dinwiddie County, Virginia",27397,4061,383,366,353,51,053
01/01/2014 12:00:00 AM,"Craig County, Virginia",5186,541,41,96,35,51,045
01/01/2015 12:00:00 AM,"Essex County, Virginia",11049,1533,113,181,149,51,057
01/01/2014 12:00:00 AM,"Culpeper County, Virginia",46262,4465,473,520,394,51,047
01/01/2015 12:00:00 AM,"Fairfax County, Virginia",1119457,66762,7323,7438,5708,51,059
01/01/2014 12:00:00 AM,"Cumberland County, Virginia",9854,1827,344,92,231,51,049
01/01/2015 12:00:00 AM,"Fauquier County, Virginia",67041,3762,456,393,245,51,061
01/01/2014 12:00:00 AM,"Dickenson County, Virginia",15270,3080,366,272,237,51,051
01/01/2015 12:00:00 AM,"Floyd County, Virginia",15435,1551,40,72,112,51,063
01/01/2014 12:00:00 AM,"Dinwiddie County, Virginia",27353,3755,303,297,337,51,053
01/01/2015 12:00:00 AM,"Fluvanna County, Virginia",24693,1618,129,71,131,51,065
01/01/2014 12:00:00 AM,"Essex County, Virginia",11059,1366,87,129,110,51,057
01/01/2015 12:00:00 AM,"Franklin County, Virginia",54678,8123,851,1057,788,51,067
01/01/2014 12:00:00 AM,"Fairfax County, Virginia",1107694,66251,7793,7207,5948,51,059
01/01/2015 12:00:00 AM,"Frederick County, Virginia",80204,5247,499,541,448,51,069
01/01/2014 12:00:00 AM,"Fauquier County, Virginia",66268,3835,452,402,292,51,061
01/01/2015 12:00:00 AM,"Giles County, Virginia",16703,1891,69,40,168,51,071
01/01/2014 12:00:00 AM,"Floyd County, Virginia",15375,1623,50,96,131,51,063
01/01/2015 12:00:00 AM,"Gloucester County, Virginia",36726,2735,123,113,411,51,073
01/01/2014 12:00:00 AM,"Fluvanna County, Virginia",24687,1594,133,61,117,51,065
01/01/2015 12:00:00 AM,"Goochland County, Virginia",20424,1163,51,82,185,51,075
01/01/2014 12:00:00 AM,"Franklin County, Virginia",54812,7943,765,1043,892,51,067
01/01/2015 12:00:00 AM,"Grayson County, Virginia",15159,3244,439,270,260,51,077
01/01/2014 12:00:00 AM,"Frederick County, Virginia",79161,4641,409,345,405,51,069
01/01/2015 12:00:00 AM,"Greene County, Virginia",18757,1853,254,117,82,51,079
01/01/2014 12:00:00 AM,"Giles County, Virginia",16844,2236,155,104,170,51,071
01/01/2015 12:00:00 AM,"Greensville County, Virginia",7553,1490,78,232,216,51,081
01/01/2014 12:00:00 AM,"Gloucester County, Virginia",36649,3157,186,107,514,51,073
01/01/2015 12:00:00 AM,"Halifax County, Virginia",34747,6675,577,716,611,51,083
01/01/2014 12:00:00 AM,"Goochland County, Virginia",19997,1235,142,63,167,51,075
01/01/2015 12:00:00 AM,"Hanover County, Virginia",99296,5976,659,531,652,51,085
01/01/2014 12:00:00 AM,"Grayson County, Virginia",14926,3019,349,223,314,51,077
01/01/2015 12:00:00 AM,"Henrico County, Virginia",316051,33914,4950,3343,3728,51,087
01/01/2014 12:00:00 AM,"Greene County, Virginia",18603,2111,415,180,93,51,079
01/01/2015 12:00:00 AM,"Henry County, Virginia",51956,9520,980,1303,977,51,089
01/01/2014 12:00:00 AM,"Greensville County, Virginia",8231,1649,145,269,198,51,081
01/01/2015 12:00:00 AM,"Highland County, Virginia",2236,282,17,43,8,51,091
01/01/2014 12:00:00 AM,"Halifax County, Virginia",34914,7052,769,712,637,51,083
01/01/2015 12:00:00 AM,"Isle of Wight County, Virginia",35441,4137,575,546,375,51,093
01/01/2014 12:00:00 AM,"Hanover County, Virginia",98562,5418,568,364,519,51,085
01/01/2015 12:00:00 AM,"James City County, Virginia",69811,5648,630,464,435,51,095
01/01/2014 12:00:00 AM,"Henrico County, Virginia",311822,33436,5094,3234,3484,51,087
01/01/2015 12:00:00 AM,"King and Queen County, Virginia",7106,949,70,130,239,51,097
01/01/2014 12:00:00 AM,"Henry County, Virginia",52375,9328,880,1242,923,51,089
01/01/2015 12:00:00 AM,"King George County, Virginia",24763,1366,257,107,101,51,099
01/01/2014 12:00:00 AM,"Highland County, Virginia",2247,281,22,39,10,51,091
01/01/2015 12:00:00 AM,"King William County, Virginia",16020,1897,161,291,377,51,101
01/01/2014 12:00:00 AM,"Isle of Wight County, Virginia",35251,3977,557,499,322,51,093
01/01/2015 12:00:00 AM,"Lancaster County, Virginia",11048,1246,93,80,49,51,103
01/01/2014 12:00:00 AM,"James City County, Virginia",68972,5835,687,526,432,51,095
01/01/2015 12:00:00 AM,"Lee County, Virginia",23734,6027,606,629,668,51,105
01/01/2014 12:00:00 AM,"King and Queen County, Virginia",7073,800,65,130,190,51,097
01/01/2015 12:00:00 AM,"Loudoun County, Virginia",349280,14047,1564,1157,1412,51,107
01/01/2014 12:00:00 AM,"King George County, Virginia",24296,1400,256,169,114,51,099
01/01/2015 12:00:00 AM,"Louisa County, Virginia",33837,3385,306,334,278,51,109
01/01/2014 12:00:00 AM,"King William County, Virginia",15969,1869,123,315,367,51,101
01/01/2015 12:00:00 AM,"Lunenburg County, Virginia",11138,2279,230,252,153,51,111
01/01/2014 12:00:00 AM,"Lancaster County, Virginia",11091,1209,85,104,52,51,103
01/01/2015 12:00:00 AM,"Madison County, Virginia",12967,1613,150,232,65,51,113
01/01/2014 12:00:00 AM,"Lee County, Virginia",23926,6226,592,553,725,51,105
01/01/2015 12:00:00 AM,"Mathews County, Virginia",8802,613,17,97,55,51,115
01/01/2014 12:00:00 AM,"Loudoun County, Virginia",337189,12942,1503,1224,1314,51,107
01/01/2015 12:00:00 AM,"Mecklenburg County, Virginia",30159,5975,496,758,416,51,117
01/01/2014 12:00:00 AM,"Louisa County, Virginia",33602,3240,325,305,259,51,109
01/01/2015 12:00:00 AM,"Middlesex County, Virginia",10370,982,88,66,91,51,119
01/01/2014 12:00:00 AM,"Lunenburg County, Virginia",11243,2234,235,200,120,51,111
01/01/2015 12:00:00 AM,"Montgomery County, Virginia",87382,21707,1193,661,711,51,121
01/01/2014 12:00:00 AM,"Madison County, Virginia",13037,1805,219,286,59,51,113
01/01/2015 12:00:00 AM,"Nelson County, Virginia",14671,2159,192,137,142,51,125
01/01/2014 12:00:00 AM,"Mathews County, Virginia",8838,805,225,124,39,51,115
01/01/2015 12:00:00 AM,"New Kent County, Virginia",19012,1327,252,68,168,51,127
01/01/2014 12:00:00 AM,"Mecklenburg County, Virginia",30453,6075,579,810,452,51,117
01/01/2015 12:00:00 AM,"Northampton County, Virginia",11878,2730,425,313,181,51,131
01/01/2014 12:00:00 AM,"Middlesex County, Virginia",10505,1030,93,61,102,51,119
01/01/2015 12:00:00 AM,"Northumberland County, Virginia",12286,1352,33,23,259,51,133
01/01/2014 12:00:00 AM,"Montgomery County, Virginia",86239,22046,1292,684,814,51,121
01/01/2014 12:00:00 AM,"Nelson County, Virginia",14717,2069,134,28,152,51,125
01/01/2015 12:00:00 AM,"Nottoway County, Virginia",14268,3444,351,301,131,51,135
01/01/2014 12:00:00 AM,"New Kent County, Virginia",18600,1009,112,56,143,51,127
01/01/2015 12:00:00 AM,"Orange County, Virginia",33891,4105,492,575,584,51,137
01/01/2014 12:00:00 AM,"Northampton County, Virginia",11990,2853,403,269,185,51,131
01/01/2015 12:00:00 AM,"Page County, Virginia",23616,3880,450,228,318,51,139
01/01/2014 12:00:00 AM,"Northumberland County, Virginia",12302,1500,21,16,249,51,133
01/01/2015 12:00:00 AM,"Patrick County, Virginia",18022,3818,393,411,317,51,141
01/01/2014 12:00:00 AM,"Nottoway County, Virginia",14490,3029,274,231,126,51,135
01/01/2015 12:00:00 AM,"Pittsylvania County, Virginia",61869,9944,1134,1344,704,51,143
01/01/2014 12:00:00 AM,"Orange County, Virginia",33708,4234,472,537,553,51,137
01/01/2015 12:00:00 AM,"Powhatan County, Virginia",25580,1252,12,105,46,51,145
01/01/2014 12:00:00 AM,"Page County, Virginia",23674,4065,464,191,349,51,139
01/01/2015 12:00:00 AM,"Prince Edward County, Virginia",18487,3883,212,411,204,51,147
01/01/2014 12:00:00 AM,"Patrick County, Virginia",18140,3657,375,414,263,51,141
01/01/2015 12:00:00 AM,"Prince George County, Virginia",33565,3370,352,405,343,51,149
01/01/2014 12:00:00 AM,"Pittsylvania County, Virginia",61936,9001,907,917,780,51,143
01/01/2015 12:00:00 AM,"Prince William County, Virginia",432147,28739,4171,4157,3614,51,153
01/01/2014 12:00:00 AM,"Powhatan County, Virginia",25316,1365,42,138,71,51,145
01/01/2015 12:00:00 AM,"Pulaski County, Virginia",33435,4506,481,285,323,51,155
01/01/2014 12:00:00 AM,"Prince Edward County, Virginia",18636,4164,316,447,231,51,147
01/01/2015 12:00:00 AM,"Rappahannock County, Virginia",7413,733,70,53,100,51,157
01/01/2014 12:00:00 AM,"Prince George County, Virginia",32454,3281,270,376,327,51,149
01/01/2015 12:00:00 AM,"Richmond County, Virginia",7092,748,49,45,80,51,159
01/01/2014 12:00:00 AM,"Prince William County, Virginia",423575,27593,3901,3921,3693,51,153
01/01/2015 12:00:00 AM,"Roanoke County, Virginia",91399,7607,563,594,791,51,161
01/01/2014 12:00:00 AM,"Pulaski County, Virginia",33565,4567,447,303,362,51,155
01/01/2015 12:00:00 AM,"Rockbridge County, Virginia",22205,3085,241,327,256,51,163
01/01/2014 12:00:00 AM,"Rappahannock County, Virginia",7397,788,74,41,123,51,157
01/01/2015 12:00:00 AM,"Rockingham County, Virginia",75989,8471,939,815,1130,51,165
01/01/2014 12:00:00 AM,"Richmond County, Virginia",7151,922,44,40,162,51,159
01/01/2015 12:00:00 AM,"Russell County, Virginia",27953,5777,458,489,510,51,167
01/01/2014 12:00:00 AM,"Roanoke County, Virginia",91022,7175,522,556,715,51,161
01/01/2015 12:00:00 AM,"Scott County, Virginia",21842,4406,472,331,429,51,169
01/01/2014 12:00:00 AM,"Rockbridge County, Virginia",22131,2915,231,107,286,51,163
01/01/2015 12:00:00 AM,"Shenandoah County, Virginia",42217,5138,516,504,704,51,171
01/01/2014 12:00:00 AM,"Rockingham County, Virginia",75632,8230,938,859,1181,51,165
01/01/2015 12:00:00 AM,"Smyth County, Virginia",31119,5815,767,507,612,51,173
01/01/2014 12:00:00 AM,"Russell County, Virginia",28124,5249,447,408,421,51,167
01/01/2015 12:00:00 AM,"Southampton County, Virginia",16852,2649,322,264,280,51,175
01/01/2014 12:00:00 AM,"Scott County, Virginia",22210,4236,376,342,406,51,169
01/01/2015 12:00:00 AM,"Spotsylvania County, Virginia",126799,10396,1305,1159,1088,51,177
01/01/2014 12:00:00 AM,"Shenandoah County, Virginia",42059,5382,490,588,811,51,171
01/01/2015 12:00:00 AM,"Stafford County, Virginia",133187,6948,732,1073,772,51,179
01/01/2014 12:00:00 AM,"Smyth County, Virginia",31277,6044,929,575,594,51,173
01/01/2015 12:00:00 AM,"Surry County, Virginia",6823,881,123,100,31,51,181
01/01/2014 12:00:00 AM,"Southampton County, Virginia",17037,2471,298,240,225,51,175
01/01/2015 12:00:00 AM,"Sussex County, Virginia",6629,1362,208,228,64,51,183
01/01/2014 12:00:00 AM,"Spotsylvania County, Virginia",125230,10121,1265,1168,946,51,177
01/01/2015 12:00:00 AM,"Tazewell County, Virginia",42368,7518,735,678,517,51,185
01/01/2014 12:00:00 AM,"Stafford County, Virginia",130835,7125,809,1062,813,51,179
01/01/2015 12:00:00 AM,"Warren County, Virginia",37579,3696,298,373,307,51,187
01/01/2014 12:00:00 AM,"Surry County, Virginia",6885,786,109,79,47,51,181
01/01/2015 12:00:00 AM,"Washington County, Virginia",53272,6845,640,703,419,51,191
01/01/2014 12:00:00 AM,"Sussex County, Virginia",7075,1589,189,181,158,51,183
01/01/2015 12:00:00 AM,"Westmoreland County, Virginia",17494,2323,218,141,117,51,193
01/01/2014 12:00:00 AM,"Tazewell County, Virginia",42922,8375,848,834,632,51,185
01/01/2015 12:00:00 AM,"Wise County, Virginia",37507,8414,1039,884,601,51,195
01/01/2014 12:00:00 AM,"Warren County, Virginia",37375,3682,386,301,299,51,187
01/01/2015 12:00:00 AM,"Wythe County, Virginia",28891,4356,220,402,414,51,197
01/01/2014 12:00:00 AM,"Washington County, Virginia",53485,6576,632,472,417,51,191
01/01/2015 12:00:00 AM,"York County, Virginia",65385,4198,346,481,498,51,199
01/01/2014 12:00:00 AM,"Westmoreland County, Virginia",17400,2215,122,108,139,51,193
01/01/2015 12:00:00 AM,"Alexandria city, Virginia",148150,12359,1370,1093,896,51,510
01/01/2014 12:00:00 AM,"Wise County, Virginia",37840,8593,1006,875,590,51,195
01/01/2015 12:00:00 AM,"Bristol city, Virginia",17172,3496,490,249,432,51,520
01/01/2014 12:00:00 AM,"Wythe County, Virginia",28959,4379,337,373,467,51,197
01/01/2015 12:00:00 AM,"Buena Vista city, Virginia",6175,1755,198,219,145,51,530
01/01/2014 12:00:00 AM,"York County, Virginia",64850,4039,283,433,501,51,199
01/01/2015 12:00:00 AM,"Charlottesville city, Virginia",42540,10995,598,417,383,51,540
01/01/2014 12:00:00 AM,"Alexandria city, Virginia",145129,12661,1275,1372,820,51,510
01/01/2015 12:00:00 AM,"Chesapeake city, Virginia",223607,21734,2895,3179,2169,51,550
01/01/2014 12:00:00 AM,"Bristol city, Virginia",17205,3369,472,219,426,51,520
01/01/2015 12:00:00 AM,"Colonial Heights city, Virginia",17333,1974,158,238,251,51,570
01/01/2014 12:00:00 AM,"Buena Vista city, Virginia",6221,1424,170,145,102,51,530
01/01/2015 12:00:00 AM,"Covington city, Virginia",5633,1437,37,167,256,51,580
01/01/2014 12:00:00 AM,"Charlottesville city, Virginia",41829,11517,632,402,300,51,540
01/01/2015 12:00:00 AM,"Danville city, Virginia",40661,9629,1227,971,1018,51,590
01/01/2014 12:00:00 AM,"Chesapeake city, Virginia",221374,20035,2678,2598,2079,51,550
01/01/2015 12:00:00 AM,"Emporia city, Virginia",5457,1907,197,237,258,51,595
01/01/2014 12:00:00 AM,"Colonial Heights city, Virginia",17322,1836,236,216,211,51,570
01/01/2015 12:00:00 AM,"Fairfax city, Virginia",22778,1593,21,37,129,51,600
01/01/2014 12:00:00 AM,"Covington city, Virginia",5768,1264,26,115,244,51,580
01/01/2015 12:00:00 AM,"Falls Church city, Virginia",13284,361,0,57,38,51,610
01/01/2014 12:00:00 AM,"Danville city, Virginia",40971,10684,1608,1114,1041,51,590
01/01/2015 12:00:00 AM,"Franklin city, Virginia",8321,1762,215,210,245,51,620
01/01/2014 12:00:00 AM,"Emporia city, Virginia",5457,1887,285,132,178,51,595
01/01/2015 12:00:00 AM,"Fredericksburg city, Virginia",24878,4108,404,395,281,51,630
01/01/2014 12:00:00 AM,"Fairfax city, Virginia",22883,2005,118,91,254,51,600
01/01/2015 12:00:00 AM,"Galax city, Virginia",6586,1766,186,303,205,51,640
01/01/2014 12:00:00 AM,"Falls Church city, Virginia",13066,602,137,32,28,51,610
01/01/2015 12:00:00 AM,"Hampton city, Virginia",132194,20187,2657,2616,1879,51,650
01/01/2014 12:00:00 AM,"Franklin city, Virginia",8395,2164,245,270,298,51,620
01/01/2015 12:00:00 AM,"Harrisonburg city, Virginia",44091,14326,818,468,492,51,660
01/01/2014 12:00:00 AM,"Fredericksburg city, Virginia",24096,4634,450,350,372,51,630
01/01/2015 12:00:00 AM,"Hopewell city, Virginia",21879,4165,521,444,607,51,670
01/01/2014 12:00:00 AM,"Galax city, Virginia",6721,1732,265,307,145,51,640
01/01/2015 12:00:00 AM,"Lexington city, Virginia",3349,678,33,40,42,51,678
01/01/2014 12:00:00 AM,"Hampton city, Virginia",131988,20410,2904,2530,1922,51,650
01/01/2015 12:00:00 AM,"Lynchburg city, Virginia",67595,16775,1675,1728,1332,51,680
01/01/2014 12:00:00 AM,"Harrisonburg city, Virginia",43328,14087,772,392,386,51,660
01/01/2015 12:00:00 AM,"Manassas city, Virginia",40716,3945,688,459,394,51,683
01/01/2014 12:00:00 AM,"Hopewell city, Virginia",21913,3885,493,319,540,51,670
01/01/2015 12:00:00 AM,"Manassas Park city, Virginia",15545,1232,162,143,118,51,685
01/01/2014 12:00:00 AM,"Lexington city, Virginia",3615,699,54,29,5,51,678
01/01/2015 12:00:00 AM,"Martinsville city, Virginia",13177,3105,396,223,235,51,690
01/01/2014 12:00:00 AM,"Lynchburg city, Virginia",67539,16591,1958,1424,1348,51,680
01/01/2015 12:00:00 AM,"Newport News city, Virginia",172359,26984,4413,3542,2120,51,700
01/01/2014 12:00:00 AM,"Manassas city, Virginia",40366,4953,909,655,555,51,683
01/01/2015 12:00:00 AM,"Norfolk city, Virginia",220475,46288,6187,4836,3851,51,710
01/01/2014 12:00:00 AM,"Manassas Park city, Virginia",14941,1396,182,174,118,51,685
01/01/2015 12:00:00 AM,"Norton city, Virginia",3949,949,204,17,68,51,720
01/01/2014 12:00:00 AM,"Martinsville city, Virginia",13240,3424,445,229,350,51,690
01/01/2015 12:00:00 AM,"Petersburg city, Virginia",31376,8795,1227,999,755,51,730
01/01/2014 12:00:00 AM,"Newport News city, Virginia",172654,26312,4118,3494,2418,51,700
01/01/2015 12:00:00 AM,"Poquoson city, Virginia",12026,502,55,29,42,51,735
01/01/2014 12:00:00 AM,"Norfolk city, Virginia",220995,45195,6072,5074,3745,51,710
01/01/2015 12:00:00 AM,"Portsmouth city, Virginia",93251,17000,2626,2088,1949,51,740
01/01/2014 12:00:00 AM,"Norton city, Virginia",3962,587,47,0,44,51,720
01/01/2015 12:00:00 AM,"Radford city, Virginia",14104,5497,76,142,120,51,750
01/01/2014 12:00:00 AM,"Petersburg city, Virginia",31683,8714,1444,934,723,51,730
01/01/2015 12:00:00 AM,"Richmond city, Virginia",203150,51828,6595,5075,3633,51,760
01/01/2014 12:00:00 AM,"Poquoson city, Virginia",12052,753,19,76,119,51,735
01/01/2015 12:00:00 AM,"Roanoke city, Virginia",96709,20514,2709,2286,1891,51,770
01/01/2014 12:00:00 AM,"Portsmouth city, Virginia",92838,16886,2577,2076,2011,51,740
01/01/2015 12:00:00 AM,"Salem city, Virginia",23016,2578,233,141,250,51,775
01/01/2014 12:00:00 AM,"Radford city, Virginia",14020,5553,63,167,115,51,750
01/01/2015 12:00:00 AM,"Staunton city, Virginia",22944,4052,441,545,287,51,790
01/01/2014 12:00:00 AM,"Richmond city, Virginia",200784,51295,6808,4815,3478,51,760
01/01/2015 12:00:00 AM,"Suffolk city, Virginia",85167,9835,1380,1275,1180,51,800
01/01/2014 12:00:00 AM,"Roanoke city, Virginia",96176,21057,3008,2320,1724,51,770
01/01/2015 12:00:00 AM,"Virginia Beach city, Virginia",436551,36267,4938,4206,3530,51,810
01/01/2014 12:00:00 AM,"Salem city, Virginia",23138,2691,297,125,235,51,775
01/01/2015 12:00:00 AM,"Waynesboro city, Virginia",20780,3796,695,372,209,51,820
01/01/2014 12:00:00 AM,"Staunton city, Virginia",22897,4173,389,537,417,51,790
01/01/2015 12:00:00 AM,"Williamsburg city, Virginia",10733,2401,87,145,74,51,830
01/01/2014 12:00:00 AM,"Suffolk city, Virginia",84444,9401,1365,1227,1183,51,800
01/01/2015 12:00:00 AM,"Winchester city, Virginia",26193,4200,303,593,270,51,840
01/01/2014 12:00:00 AM,"Virginia Beach city, Virginia",434326,36079,4968,4280,3590,51,810
01/01/2014 12:00:00 AM,"Waynesboro city, Virginia",20864,4329,478,709,354,51,820
01/01/2014 12:00:00 AM,"Williamsburg city, Virginia",10140,2080,78,134,71,51,830
01/01/2014 12:00:00 AM,"Winchester city, Virginia",25950,4048,388,506,156,51,840
01/01/2018 12:00:00 AM,"Falls Church city, Virginia",14033,377,22,11,36,51,610
01/01/2018 12:00:00 AM,"Manassas Park city, Virginia",16321,1583,199,340,59,51,685
01/01/2018 12:00:00 AM,"Poquoson city, Virginia",11983,536,75,26,24,51,735
01/01/2018 12:00:00 AM,"Sussex County, Virginia",7890,1382,138,184,119,51,183
01/01/2018 12:00:00 AM,"Waynesboro city, Virginia",21633,3766,535,466,336,51,820
01/01/2018 12:00:00 AM,"Roanoke city, Virginia",97694,20046,2571,2329,1856,51,770
01/01/2018 12:00:00 AM,"Salem city, Virginia",23010,2095,141,222,213,51,775
01/01/2018 12:00:00 AM,"Norfolk city, Virginia",220136,43383,5857,4455,3723,51,710
01/01/2018 12:00:00 AM,"Charlotte County, Virginia",11873,2859,249,262,439,51,037
01/01/2018 12:00:00 AM,"Fairfax County, Virginia",1133591,69895,7252,7203,6402,51,059
01/01/2018 12:00:00 AM,"Greensville County, Virginia",8444,1407,83,236,165,51,081
01/01/2018 12:00:00 AM,"James City County, Virginia",73195,5695,549,775,340,51,095
01/01/2018 12:00:00 AM,"Russell County, Virginia",27078,5276,365,321,464,51,167
01/01/2018 12:00:00 AM,"Smyth County, Virginia",30324,5818,553,394,579,51,173
01/01/2018 12:00:00 AM,"Lexington city, Virginia",3820,826,0,23,79,51,678
01/01/2018 12:00:00 AM,"Campbell County, Virginia",54494,6414,488,620,504,51,031
01/01/2018 12:00:00 AM,"Henry County, Virginia",50886,10347,948,1245,1116,51,089
01/01/2018 12:00:00 AM,"King George County, Virginia",25647,1452,158,206,222,51,099
01/01/2018 12:00:00 AM,"Lancaster County, Virginia",10713,983,78,21,72,51,103
01/01/2018 12:00:00 AM,"Lee County, Virginia",22591,5414,444,448,423,51,105
01/01/2018 12:00:00 AM,"Mathews County, Virginia",8713,942,74,93,69,51,115
01/01/2018 12:00:00 AM,"Middlesex County, Virginia",10353,874,71,36,18,51,119
01/01/2018 12:00:00 AM,"Prince George County, Virginia",33926,3142,450,396,370,51,149
01/01/2018 12:00:00 AM,"Rockingham County, Virginia",77499,7401,683,522,696,51,165
01/01/2018 12:00:00 AM,"Scott County, Virginia",21138,3923,305,296,252,51,169
01/01/2018 12:00:00 AM,"Surry County, Virginia",6600,839,69,78,85,51,181
01/01/2018 12:00:00 AM,"Appomattox County, Virginia",15487,2096,251,275,147,51,011
01/01/2018 12:00:00 AM,"Franklin County, Virginia",54475,8940,1031,910,894,51,067
01/01/2018 12:00:00 AM,"King and Queen County, Virginia",7042,1165,74,148,236,51,097
01/01/2018 12:00:00 AM,"Montgomery County, Virginia",88706,21533,828,732,634,51,121
01/01/2018 12:00:00 AM,"New Kent County, Virginia",20482,992,215,39,76,51,127
01/01/2018 12:00:00 AM,"Cumberland County, Virginia",9709,1880,273,146,251,51,049
01/01/2018 12:00:00 AM,"Goochland County, Virginia",21302,1136,26,94,108,51,075
01/01/2018 12:00:00 AM,"Halifax County, Virginia",34049,5145,391,756,242,51,083
01/01/2018 12:00:00 AM,"Madison County, Virginia",12940,1070,51,75,37,51,113
01/01/2018 12:00:00 AM,"Prince William County, Virginia",451060,30520,4259,3992,3541,51,153
01/01/2018 12:00:00 AM,"Southampton County, Virginia",16326,1665,165,207,152,51,175
01/01/2018 12:00:00 AM,"Highland County, Virginia",2184,268,31,0,6,51,091
01/01/2018 12:00:00 AM,"Brunswick County, Virginia",14390,3082,429,330,338,51,025
01/01/2018 12:00:00 AM,"Caroline County, Virginia",27904,2307,277,159,229,51,033
01/01/2018 12:00:00 AM,"Gloucester County, Virginia",36884,3125,255,287,357,51,073
01/01/2018 12:00:00 AM,"Northampton County, Virginia",11631,2216,370,228,183,51,131
01/01/2018 12:00:00 AM,"Patrick County, Virginia",17491,3264,454,361,324,51,141
01/01/2018 12:00:00 AM,"Powhatan County, Virginia",25870,1383,56,152,51,51,145
01/01/2018 12:00:00 AM,"Rockbridge County, Virginia",22276,3075,245,328,204,51,163
01/01/2018 12:00:00 AM,"Shenandoah County, Virginia",42606,4620,429,535,280,51,171
01/01/2018 12:00:00 AM,"Fauquier County, Virginia",68696,4177,442,434,465,51,061
01/01/2018 12:00:00 AM,"Charles City County, Virginia",6960,910,72,66,82,51,036
01/01/2018 12:00:00 AM,"Culpeper County, Virginia",48744,3986,420,359,236,51,047
01/01/2018 12:00:00 AM,"Dinwiddie County, Virginia",27677,3542,387,428,151,51,053
01/01/2018 12:00:00 AM,"Greene County, Virginia",19289,1151,38,90,120,51,079
01/01/2018 12:00:00 AM,"Hanover County, Virginia",102635,5725,551,649,651,51,085
01/01/2018 12:00:00 AM,"Lunenburg County, Virginia",11309,2022,205,204,227,51,111
01/01/2018 12:00:00 AM,"Orange County, Virginia",34749,2984,505,296,359,51,137
01/01/2018 12:00:00 AM,"Harrisonburg city, Virginia",46011,12953,715,346,359,51,660
01/01/2018 12:00:00 AM,"Emporia city, Virginia",5164,1499,106,239,309,51,595
01/01/2018 12:00:00 AM,"Wythe County, Virginia",28600,4468,373,396,519,51,197
01/01/2018 12:00:00 AM,"Chesapeake city, Virginia",231227,20768,3074,2944,2810,51,550
01/01/2018 12:00:00 AM,"Albemarle County, Virginia",98891,9675,1000,856,636,51,003
01/01/2018 12:00:00 AM,"Bedford County, Virginia",77293,7046,509,647,609,51,019
01/01/2018 12:00:00 AM,"Botetourt County, Virginia",32842,2629,280,242,174,51,023
01/01/2018 12:00:00 AM,"Wise County, Virginia",35898,7890,810,818,551,51,195
01/01/2018 12:00:00 AM,"Bristol city, Virginia",16498,3740,555,364,405,51,520
01/01/2018 12:00:00 AM,"Portsmouth city, Virginia",91565,15707,2642,2130,1505,51,740
01/01/2018 12:00:00 AM,"Williamsburg city, Virginia",10537,2356,97,15,141,51,830
01/01/2018 12:00:00 AM,"Alleghany County, Virginia",14940,3023,212,400,258,51,005
01/01/2018 12:00:00 AM,"Carroll County, Virginia",29448,4429,404,167,348,51,035
01/01/2018 12:00:00 AM,"Washington County, Virginia",52505,7862,830,822,526,51,191
01/01/2018 12:00:00 AM,"Northumberland County, Virginia",12210,1700,170,198,101,51,133
01/01/2018 12:00:00 AM,"Page County, Virginia",23506,4303,433,403,503,51,139
01/01/2018 12:00:00 AM,"Warren County, Virginia",38516,4004,328,474,450,51,187
01/01/2018 12:00:00 AM,"Alexandria city, Virginia",155124,16432,2113,1713,1437,51,510
01/01/2018 12:00:00 AM,"Fredericksburg city, Virginia",25975,3672,300,399,304,51,630
01/01/2018 12:00:00 AM,"Hampton city, Virginia",130712,20609,2220,2217,2502,51,650
01/01/2018 12:00:00 AM,"Arlington County, Virginia",228785,16360,1328,999,746,51,013
01/01/2018 12:00:00 AM,"Hopewell city, Virginia",22107,4639,691,541,533,51,670
01/01/2018 12:00:00 AM,"Buchanan County, Virginia",21182,5859,499,444,637,51,027
01/01/2018 12:00:00 AM,"Frederick County, Virginia",83666,5225,510,474,398,51,069
01/01/2018 12:00:00 AM,"Stafford County, Virginia",139983,6306,575,890,621,51,179
01/01/2018 12:00:00 AM,"York County, Virginia",66052,3101,261,488,183,51,199
01/01/2018 12:00:00 AM,"Richmond city, Virginia",213147,52298,6072,5318,4223,51,760
01/01/2018 12:00:00 AM,"Nelson County, Virginia",14670,1812,73,252,164,51,125
01/01/2018 12:00:00 AM,"Pittsylvania County, Virginia",60558,9457,999,1321,640,51,143
01/01/2018 12:00:00 AM,"Norton city, Virginia",3935,1155,214,60,109,51,720
01/01/2018 12:00:00 AM,"Fluvanna County, Virginia",24992,1221,14,106,125,51,065
01/01/2018 12:00:00 AM,"Amelia County, Virginia",12761,1707,164,258,148,51,007
01/01/2018 12:00:00 AM,"Winchester city, Virginia",26745,4004,453,705,299,51,840
01/01/2018 12:00:00 AM,"Accomack County, Virginia",32396,6438,891,783,549,51,001
01/01/2018 12:00:00 AM,"Floyd County, Virginia",15570,1780,104,55,116,51,063
01/01/2018 12:00:00 AM,"Grayson County, Virginia",14965,3085,366,373,315,51,077
01/01/2018 12:00:00 AM,"Nottoway County, Virginia",13938,2814,280,192,91,51,135
01/01/2018 12:00:00 AM,"Buena Vista city, Virginia",5890,1182,83,113,28,51,530
01/01/2018 12:00:00 AM,"Petersburg city, Virginia",31197,8037,939,950,640,51,730
01/01/2018 12:00:00 AM,"Fairfax city, Virginia",23118,2018,184,24,104,51,600
01/01/2018 12:00:00 AM,"Manassas city, Virginia",41296,3551,532,472,313,51,683
01/01/2018 12:00:00 AM,"Suffolk city, Virginia",88293,9520,1128,1302,1116,51,800
01/01/2018 12:00:00 AM,"Chesterfield County, Virginia",335404,23815,2358,2217,2665,51,041
01/01/2018 12:00:00 AM,"Isle of Wight County, Virginia",36014,3604,418,432,331,51,093
01/01/2018 12:00:00 AM,"Franklin city, Virginia",8095,1315,94,219,78,51,620
01/01/2018 12:00:00 AM,"Charlottesville city, Virginia",44319,10915,594,526,462,51,540
01/01/2018 12:00:00 AM,"Henrico County, Virginia",322653,32209,3927,4197,3568,51,087
01/01/2018 12:00:00 AM,"King William County, Virginia",16421,1655,175,283,378,51,101
01/01/2018 12:00:00 AM,"Louisa County, Virginia",35085,4325,340,384,320,51,109
01/01/2018 12:00:00 AM,"Prince Edward County, Virginia",18017,3577,194,316,202,51,147
01/01/2018 12:00:00 AM,"Richmond County, Virginia",7195,1023,24,252,68,51,159
01/01/2018 12:00:00 AM,"Spotsylvania County, Virginia",130463,10447,1234,1104,1214,51,177
01/01/2018 12:00:00 AM,"Clarke County, Virginia",14134,1410,149,160,232,51,043
01/01/2018 12:00:00 AM,"Mecklenburg County, Virginia",29797,5633,359,606,637,51,117
01/01/2018 12:00:00 AM,"Augusta County, Virginia",70880,6532,500,558,636,51,015
01/01/2018 12:00:00 AM,"Dickenson County, Virginia",14477,3512,399,367,243,51,051
01/01/2018 12:00:00 AM,"Loudoun County, Virginia",383171,14223,1347,1236,1566,51,107
01/01/2018 12:00:00 AM,"Roanoke County, Virginia",91235,6754,417,736,621,51,161
01/01/2018 12:00:00 AM,"Colonial Heights city, Virginia",17373,2341,238,250,297,51,570
01/01/2018 12:00:00 AM,"Bland County, Virginia",5707,481,36,26,20,51,021
01/01/2018 12:00:00 AM,"Buckingham County, Virginia",14839,2542,159,273,198,51,029
01/01/2018 12:00:00 AM,"Covington city, Virginia",5468,831,35,108,103,51,580
01/01/2018 12:00:00 AM,"Virginia Beach city, Virginia",438973,33485,3846,3773,2957,51,810
01/01/2018 12:00:00 AM,"Galax city, Virginia",6379,1625,87,152,289,51,640
01/01/2018 12:00:00 AM,"Westmoreland County, Virginia",17570,2117,109,241,43,51,193
01/01/2018 12:00:00 AM,"Pulaski County, Virginia",33081,4446,436,420,412,51,155
01/01/2018 12:00:00 AM,"Danville city, Virginia",39729,8717,993,1110,764,51,590
01/01/2018 12:00:00 AM,"Amherst County, Virginia",31043,4330,437,496,365,51,009
01/01/2018 12:00:00 AM,"Bath County, Virginia",4304,486,27,0,34,51,017
01/01/2018 12:00:00 AM,"Newport News city, Virginia",170842,26457,3204,3173,2775,51,700
01/01/2018 12:00:00 AM,"Lynchburg city, Virginia",69582,15182,1176,1654,1242,51,680
01/01/2018 12:00:00 AM,"Martinsville city, Virginia",12576,3201,488,293,376,51,690
01/01/2018 12:00:00 AM,"Essex County, Virginia",10959,1500,96,209,101,51,057
01/01/2018 12:00:00 AM,"Staunton city, Virginia",23139,3165,334,327,202,51,790
01/01/2018 12:00:00 AM,"Radford city, Virginia",14558,5230,111,149,71,51,750
01/01/2018 12:00:00 AM,"Craig County, Virginia",5096,435,31,4,20,51,045
01/01/2018 12:00:00 AM,"Giles County, Virginia",16519,1872,169,113,198,51,071
01/01/2018 12:00:00 AM,"Rappahannock County, Virginia",7285,650,37,43,54,51,157
01/01/2016 12:00:00 AM,"Prince William County, Virginia",438199,30869,4579,4555,3491,51,153
01/01/2016 12:00:00 AM,"Pulaski County, Virginia",33275,4491,393,346,476,51,155
01/01/2016 12:00:00 AM,"Rappahannock County, Virginia",7399,681,54,32,82,51,157
01/01/2016 12:00:00 AM,"Richmond County, Virginia",7033,1173,78,243,71,51,159
01/01/2016 12:00:00 AM,"Roanoke County, Virginia",91359,7270,419,663,744,51,161
01/01/2016 12:00:00 AM,"Rockbridge County, Virginia",22199,3274,302,399,266,51,163
01/01/2016 12:00:00 AM,"Rockingham County, Virginia",76593,8888,1031,826,1105,51,165
01/01/2016 12:00:00 AM,"Russell County, Virginia",27668,4710,364,354,446,51,167
01/01/2016 12:00:00 AM,"Scott County, Virginia",21621,4355,401,383,400,51,169
01/01/2016 12:00:00 AM,"Shenandoah County, Virginia",42402,4514,404,390,485,51,171
01/01/2016 12:00:00 AM,"Smyth County, Virginia",30875,5477,661,354,562,51,173
01/01/2016 12:00:00 AM,"Southampton County, Virginia",16803,2475,205,239,256,51,175
01/01/2016 12:00:00 AM,"Spotsylvania County, Virginia",128191,10920,1344,1064,1191,51,177
01/01/2016 12:00:00 AM,"Stafford County, Virginia",135475,6880,810,1096,694,51,179
01/01/2016 12:00:00 AM,"Surry County, Virginia",6731,804,89,84,52,51,181
01/01/2016 12:00:00 AM,"Sussex County, Virginia",6696,1238,93,65,21,51,183
01/01/2016 12:00:00 AM,"Tazewell County, Virginia",41886,7466,803,789,402,51,185
01/01/2016 12:00:00 AM,"Warren County, Virginia",37901,3937,392,456,429,51,187
01/01/2016 12:00:00 AM,"Washington County, Virginia",52833,7569,646,742,541,51,191
01/01/2016 12:00:00 AM,"Westmoreland County, Virginia",17462,1940,48,199,63,51,193
01/01/2016 12:00:00 AM,"Wise County, Virginia",37171,7865,925,753,517,51,195
01/01/2016 12:00:00 AM,"Wythe County, Virginia",28854,4677,238,441,516,51,197
01/01/2016 12:00:00 AM,"York County, Virginia",65733,4052,367,530,369,51,199
01/01/2016 12:00:00 AM,"Alexandria city, Virginia",150263,14688,1540,1330,1255,51,510
01/01/2016 12:00:00 AM,"Bristol city, Virginia",16978,3498,590,282,491,51,520
01/01/2016 12:00:00 AM,"Buena Vista city, Virginia",6146,1694,164,210,151,51,530
01/01/2016 12:00:00 AM,"Charlottesville city, Virginia",43056,11153,651,411,441,51,540
01/01/2016 12:00:00 AM,"Chesapeake city, Virginia",225837,21418,2732,3042,2400,51,550
01/01/2016 12:00:00 AM,"Colonial Heights city, Virginia",17425,2241,258,287,289,51,570
01/01/2016 12:00:00 AM,"Covington city, Virginia",5546,1187,23,149,180,51,580
01/01/2016 12:00:00 AM,"Danville city, Virginia",40584,9135,1114,931,960,51,590
01/01/2016 12:00:00 AM,"Emporia city, Virginia",5349,1764,141,190,326,51,595
01/01/2016 12:00:00 AM,"Fairfax city, Virginia",22969,1415,21,15,101,51,600
01/01/2016 12:00:00 AM,"Falls Church city, Virginia",13552,365,0,53,38,51,610
01/01/2016 12:00:00 AM,"Franklin city, Virginia",8274,1383,124,207,115,51,620
01/01/2016 12:00:00 AM,"Fredericksburg city, Virginia",25295,4194,501,403,234,51,630
01/01/2016 12:00:00 AM,"Galax city, Virginia",6569,1642,140,204,204,51,640
01/01/2016 12:00:00 AM,"Hampton city, Virginia",131866,20596,2484,2311,2023,51,650
01/01/2016 12:00:00 AM,"Harrisonburg city, Virginia",44594,14757,894,575,551,51,660
01/01/2016 12:00:00 AM,"Hopewell city, Virginia",21987,4509,466,489,713,51,670
01/01/2016 12:00:00 AM,"Lexington city, Virginia",3549,653,26,0,26,51,678
01/01/2016 12:00:00 AM,"Lynchburg city, Virginia",68212,16598,1686,1752,1421,51,680
01/01/2016 12:00:00 AM,"Manassas city, Virginia",41118,3557,642,496,311,51,683
01/01/2016 12:00:00 AM,"Manassas Park city, Virginia",15740,1364,226,226,88,51,685
01/01/2016 12:00:00 AM,"Martinsville city, Virginia",13098,3159,455,235,294,51,690
01/01/2016 12:00:00 AM,"Newport News city, Virginia",172600,27776,4358,3807,2491,51,700
01/01/2016 12:00:00 AM,"Norfolk city, Virginia",220103,46307,6296,4999,3747,51,710
01/01/2016 12:00:00 AM,"Norton city, Virginia",3921,1040,223,22,50,51,720
01/01/2016 12:00:00 AM,"Petersburg city, Virginia",31308,9191,1138,1078,755,51,730
01/01/2016 12:00:00 AM,"Poquoson city, Virginia",12016,563,65,28,40,51,735
01/01/2016 12:00:00 AM,"Portsmouth city, Virginia",93094,16897,2411,2195,2055,51,740
01/01/2016 12:00:00 AM,"Radford city, Virginia",14186,5580,85,178,156,51,750
01/01/2016 12:00:00 AM,"Richmond city, Virginia",206181,52470,6531,5216,3857,51,760
01/01/2016 12:00:00 AM,"Roanoke city, Virginia",97230,21610,2671,2562,2115,51,770
01/01/2016 12:00:00 AM,"Salem city, Virginia",23002,2158,196,137,204,51,775
01/01/2016 12:00:00 AM,"Staunton city, Virginia",22941,3622,399,486,236,51,790
01/01/2016 12:00:00 AM,"Suffolk city, Virginia",86075,9914,1286,1254,1270,51,800
01/01/2016 12:00:00 AM,"Virginia Beach city, Virginia",438208,35924,4964,4004,3576,51,810
01/01/2016 12:00:00 AM,"Waynesboro city, Virginia",20975,3351,547,358,242,51,820
01/01/2016 12:00:00 AM,"Williamsburg city, Virginia",10868,2476,53,104,84,51,830
01/01/2016 12:00:00 AM,"Winchester city, Virginia",26333,3847,365,541,304,51,840
01/01/2016 12:00:00 AM,"Accomack County, Virginia",32588,6341,674,836,582,51,001
01/01/2016 12:00:00 AM,"Albemarle County, Virginia",96448,9341,782,714,734,51,003
01/01/2016 12:00:00 AM,"Alleghany County, Virginia",15562,2847,225,309,231,51,005
01/01/2016 12:00:00 AM,"Amelia County, Virginia",12678,1465,219,205,88,51,007
01/01/2016 12:00:00 AM,"Amherst County, Virginia",31248,4405,476,559,334,51,009
01/01/2016 12:00:00 AM,"Appomattox County, Virginia",15212,2633,202,326,321,51,011
01/01/2016 12:00:00 AM,"Arlington County, Virginia",223272,19528,1461,1286,1165,51,013
01/01/2016 12:00:00 AM,"Augusta County, Virginia",70854,6550,514,638,741,51,015
01/01/2016 12:00:00 AM,"Bath County, Virginia",4454,373,22,0,28,51,017
01/01/2016 12:00:00 AM,"Bedford County, Virginia",76365,7028,693,402,581,51,019
01/01/2016 12:00:00 AM,"Bland County, Virginia",5728,555,80,66,37,51,021
01/01/2016 12:00:00 AM,"Botetourt County, Virginia",32859,2732,248,268,212,51,023
01/01/2016 12:00:00 AM,"Brunswick County, Virginia",14537,3184,411,316,347,51,025
01/01/2016 12:00:00 AM,"Buchanan County, Virginia",22123,5297,318,402,648,51,027
01/01/2016 12:00:00 AM,"Buckingham County, Virginia",14965,2632,258,306,203,51,029
01/01/2016 12:00:00 AM,"Campbell County, Virginia",54432,6799,549,514,624,51,031
01/01/2016 12:00:00 AM,"Caroline County, Virginia",27517,3600,525,508,522,51,033
01/01/2016 12:00:00 AM,"Carroll County, Virginia",29470,4625,379,341,363,51,035
01/01/2016 12:00:00 AM,"Charles City County, Virginia",7056,1032,79,104,135,51,036
01/01/2016 12:00:00 AM,"Charlotte County, Virginia",12061,2979,314,286,337,51,037
01/01/2016 12:00:00 AM,"Chesterfield County, Virginia",326964,24148,2439,2570,2560,51,041
01/01/2016 12:00:00 AM,"Clarke County, Virginia",14063,1587,177,133,275,51,043
01/01/2016 12:00:00 AM,"Craig County, Virginia",5178,667,16,98,33,51,045
01/01/2016 12:00:00 AM,"Culpeper County, Virginia",47298,4330,350,489,355,51,047
01/01/2016 12:00:00 AM,"Cumberland County, Virginia",9684,2204,352,190,272,51,049
01/01/2016 12:00:00 AM,"Dickenson County, Virginia",14837,3196,458,299,210,51,051
01/01/2016 12:00:00 AM,"Dinwiddie County, Virginia",27568,4375,385,527,266,51,053
01/01/2016 12:00:00 AM,"Essex County, Virginia",11030,1477,122,158,141,51,057
01/01/2016 12:00:00 AM,"Fairfax County, Virginia",1123109,67306,6850,7156,6299,51,059
01/01/2016 12:00:00 AM,"Fauquier County, Virginia",67622,4042,485,415,284,51,061
01/01/2016 12:00:00 AM,"Floyd County, Virginia",15497,1832,48,124,132,51,063
01/01/2016 12:00:00 AM,"Fluvanna County, Virginia",24844,1726,160,86,180,51,065
01/01/2016 12:00:00 AM,"Franklin County, Virginia",54638,7950,974,885,629,51,067
01/01/2016 12:00:00 AM,"Frederick County, Virginia",81043,4800,386,531,330,51,069
01/01/2016 12:00:00 AM,"Giles County, Virginia",16659,1970,149,67,200,51,071
01/01/2016 12:00:00 AM,"Gloucester County, Virginia",36750,2798,252,145,298,51,073
01/01/2016 12:00:00 AM,"Goochland County, Virginia",20754,1033,69,119,89,51,075
01/01/2016 12:00:00 AM,"Grayson County, Virginia",14609,2899,402,196,249,51,077
01/01/2016 12:00:00 AM,"Greene County, Virginia",18920,2076,308,121,110,51,079
01/01/2016 12:00:00 AM,"Greensville County, Virginia",8594,1534,82,227,235,51,081
01/01/2016 12:00:00 AM,"Halifax County, Virginia",34557,6498,573,717,607,51,083
01/01/2016 12:00:00 AM,"Hanover County, Virginia",100228,6201,609,657,744,51,085
01/01/2016 12:00:00 AM,"Henrico County, Virginia",318959,33818,4497,3522,3772,51,087
01/01/2016 12:00:00 AM,"Henry County, Virginia",51559,9776,963,1295,1098,51,089
01/01/2016 12:00:00 AM,"Highland County, Virginia",2221,279,25,42,8,51,091
01/01/2016 12:00:00 AM,"Isle of Wight County, Virginia",35632,3901,398,549,427,51,093
01/01/2016 12:00:00 AM,"James City County, Virginia",70963,5595,734,481,227,51,095
01/01/2016 12:00:00 AM,"King and Queen County, Virginia",7140,1013,83,142,191,51,097
01/01/2016 12:00:00 AM,"King George County, Virginia",25069,1395,220,109,103,51,099
01/01/2016 12:00:00 AM,"King William County, Virginia",16085,1953,180,346,376,51,101
01/01/2016 12:00:00 AM,"Lancaster County, Virginia",10967,1095,62,26,99,51,103
01/01/2016 12:00:00 AM,"Lee County, Virginia",23328,6080,614,560,633,51,105
01/01/2016 12:00:00 AM,"Loudoun County, Virginia",360766,14313,1436,1150,1603,51,107
01/01/2016 12:00:00 AM,"Louisa County, Virginia",34140,4086,376,392,408,51,109
01/01/2016 12:00:00 AM,"Lunenburg County, Virginia",11476,2361,215,224,189,51,111
01/01/2016 12:00:00 AM,"Madison County, Virginia",12946,1510,114,201,94,51,113
01/01/2016 12:00:00 AM,"Mathews County, Virginia",8768,843,67,131,47,51,115
01/01/2016 12:00:00 AM,"Mecklenburg County, Virginia",29943,5328,457,558,360,51,117
01/01/2016 12:00:00 AM,"Middlesex County, Virginia",10358,1130,132,70,111,51,119
01/01/2016 12:00:00 AM,"Montgomery County, Virginia",88117,21191,1145,652,662,51,121
01/01/2016 12:00:00 AM,"Nelson County, Virginia",14603,2125,185,157,173,51,125
01/01/2016 12:00:00 AM,"New Kent County, Virginia",19455,970,162,52,68,51,127
01/01/2016 12:00:00 AM,"Northampton County, Virginia",11745,2568,342,240,201,51,131
01/01/2016 12:00:00 AM,"Northumberland County, Virginia",12253,1343,39,34,241,51,133
01/01/2016 12:00:00 AM,"Nottoway County, Virginia",14243,3030,328,301,91,51,135
01/01/2016 12:00:00 AM,"Orange County, Virginia",34151,3136,435,224,397,51,137
01/01/2016 12:00:00 AM,"Page County, Virginia",23510,3770,337,278,397,51,139
01/01/2016 12:00:00 AM,"Patrick County, Virginia",17874,3968,574,422,343,51,141
01/01/2016 12:00:00 AM,"Pittsylvania County, Virginia",61386,9254,1102,1145,526,51,143
01/01/2016 12:00:00 AM,"Powhatan County, Virginia",25669,1431,12,116,80,51,145
01/01/2016 12:00:00 AM,"Prince Edward County, Virginia",18592,3355,178,320,154,51,147
01/01/2016 12:00:00 AM,"Prince George County, Virginia",33692,3231,369,437,359,51,149
01/01/2017 12:00:00 AM,"Charles City County, Virginia",6994,923,71,104,80,51,036
01/01/2017 12:00:00 AM,"Culpeper County, Virginia",48143,4305,474,515,263,51,047
01/01/2017 12:00:00 AM,"Dinwiddie County, Virginia",27441,4062,379,586,277,51,053
01/01/2017 12:00:00 AM,"Greene County, Virginia",19077,1787,268,176,95,51,079
01/01/2017 12:00:00 AM,"Hanover County, Virginia",101303,5832,511,714,702,51,085
01/01/2017 12:00:00 AM,"Lunenburg County, Virginia",11387,2118,208,193,234,51,111
01/01/2017 12:00:00 AM,"Orange County, Virginia",34483,3054,449,267,386,51,137
01/01/2017 12:00:00 AM,"Emporia city, Virginia",5278,1631,127,251,361,51,595
01/01/2017 12:00:00 AM,"Wythe County, Virginia",28713,4373,144,410,587,51,197
01/01/2017 12:00:00 AM,"Chesapeake city, Virginia",228702,21962,3133,3038,2671,51,550
01/01/2017 12:00:00 AM,"Colonial Heights city, Virginia",17468,2312,184,298,290,51,570
01/01/2017 12:00:00 AM,"Harrisonburg city, Virginia",45648,13231,761,528,366,51,660
01/01/2017 12:00:00 AM,"Albemarle County, Virginia",97587,9581,839,881,649,51,003
01/01/2017 12:00:00 AM,"Bland County, Virginia",5732,478,81,30,30,51,021
01/01/2017 12:00:00 AM,"Bedford County, Virginia",76760,6830,639,490,546,51,019
01/01/2017 12:00:00 AM,"Botetourt County, Virginia",32798,2517,236,217,202,51,023
01/01/2017 12:00:00 AM,"Buckingham County, Virginia",14978,2492,235,234,200,51,029
01/01/2017 12:00:00 AM,"Wise County, Virginia",36480,7269,726,832,504,51,195
01/01/2017 12:00:00 AM,"Bristol city, Virginia",16709,3565,556,291,424,51,520
01/01/2017 12:00:00 AM,"Covington city, Virginia",5579,1108,18,156,178,51,580
01/01/2017 12:00:00 AM,"Portsmouth city, Virginia",92246,16302,2555,2199,1976,51,740
01/01/2017 12:00:00 AM,"Williamsburg city, Virginia",10595,2278,59,78,83,51,830
01/01/2017 12:00:00 AM,"Virginia Beach city, Virginia",438641,35276,4360,3893,3190,51,810
01/01/2017 12:00:00 AM,"Alleghany County, Virginia",15129,2917,230,283,230,51,005
01/01/2017 12:00:00 AM,"Carroll County, Virginia",29479,4296,492,215,248,51,035
01/01/2017 12:00:00 AM,"Galax city, Virginia",6515,1381,100,99,194,51,640
01/01/2017 12:00:00 AM,"Washington County, Virginia",52596,7671,750,739,545,51,191
01/01/2017 12:00:00 AM,"Westmoreland County, Virginia",17529,1667,34,53,47,51,193
01/01/2017 12:00:00 AM,"Northumberland County, Virginia",12237,1654,100,131,275,51,133
01/01/2017 12:00:00 AM,"Page County, Virginia",23458,3988,460,293,423,51,139
01/01/2017 12:00:00 AM,"Pulaski County, Virginia",33226,4623,438,332,472,51,155
01/01/2017 12:00:00 AM,"Warren County, Virginia",38069,3749,329,464,411,51,187
01/01/2017 12:00:00 AM,"Alexandria city, Virginia",153420,16068,1792,1713,1411,51,510
01/01/2017 12:00:00 AM,"Danville city, Virginia",40171,8629,961,991,845,51,590
01/01/2017 12:00:00 AM,"Fredericksburg city, Virginia",25588,4169,485,397,277,51,630
01/01/2017 12:00:00 AM,"Hampton city, Virginia",131484,19633,2076,2148,1955,51,650
01/01/2017 12:00:00 AM,"Amherst County, Virginia",31074,4172,466,498,345,51,009
01/01/2017 12:00:00 AM,"Arlington County, Virginia",226736,18502,1620,1242,1078,51,013
01/01/2017 12:00:00 AM,"Bath County, Virginia",4375,405,40,0,29,51,017
01/01/2017 12:00:00 AM,"Hopewell city, Virginia",22037,4670,498,528,744,51,670
01/01/2017 12:00:00 AM,"Buchanan County, Virginia",21617,5726,503,457,651,51,027
01/01/2017 12:00:00 AM,"Newport News city, Virginia",171657,28194,3986,3764,2839,51,700
01/01/2017 12:00:00 AM,"Frederick County, Virginia",82460,4591,394,422,260,51,069
01/01/2017 12:00:00 AM,"Stafford County, Virginia",137222,6517,675,992,693,51,179
01/01/2017 12:00:00 AM,"Lynchburg city, Virginia",68564,15311,1412,1658,1303,51,680
01/01/2017 12:00:00 AM,"York County, Virginia",65830,3446,316,470,227,51,199
01/01/2017 12:00:00 AM,"Richmond city, Virginia",210151,52942,6357,5328,3982,51,760
01/01/2017 12:00:00 AM,"Martinsville city, Virginia",12746,3053,498,300,258,51,690
01/01/2017 12:00:00 AM,"Nelson County, Virginia",14740,2195,171,221,171,51,125
01/01/2017 12:00:00 AM,"Essex County, Virginia",11006,1355,96,185,72,51,057
01/01/2017 12:00:00 AM,"Pittsylvania County, Virginia",60912,8949,988,1160,529,51,143
01/01/2017 12:00:00 AM,"Norton city, Virginia",3987,1026,199,40,67,51,720
01/01/2017 12:00:00 AM,"Staunton city, Virginia",22953,3050,284,380,168,51,790
01/01/2017 12:00:00 AM,"Fluvanna County, Virginia",24887,1517,63,89,130,51,065
01/01/2017 12:00:00 AM,"Amelia County, Virginia",12682,1645,131,204,171,51,007
01/01/2017 12:00:00 AM,"Radford city, Virginia",14357,5377,125,172,83,51,750
01/01/2017 12:00:00 AM,"Winchester city, Virginia",26504,3317,408,527,225,51,840
01/01/2017 12:00:00 AM,"Accomack County, Virginia",32345,6416,624,872,619,51,001
01/01/2017 12:00:00 AM,"Craig County, Virginia",5114,478,36,2,34,51,045
01/01/2017 12:00:00 AM,"Floyd County, Virginia",15504,1868,115,106,145,51,063
01/01/2017 12:00:00 AM,"Giles County, Virginia",16637,1873,119,68,210,51,071
01/01/2017 12:00:00 AM,"Grayson County, Virginia",15044,3044,354,338,286,51,077
01/01/2017 12:00:00 AM,"Nottoway County, Virginia",14126,3039,281,240,129,51,135
01/01/2017 12:00:00 AM,"Rappahannock County, Virginia",7347,653,33,37,55,51,157
01/01/2017 12:00:00 AM,"Tazewell County, Virginia",41178,6430,787,720,277,51,185
01/01/2017 12:00:00 AM,"Buena Vista city, Virginia",6012,1248,117,204,72,51,530
01/01/2017 12:00:00 AM,"Falls Church city, Virginia",13803,405,32,14,36,51,610
01/01/2017 12:00:00 AM,"Manassas Park city, Virginia",15981,1643,258,334,90,51,685
01/01/2017 12:00:00 AM,"Petersburg city, Virginia",31363,8646,945,1122,699,51,730
01/01/2017 12:00:00 AM,"Poquoson city, Virginia",11966,581,58,31,40,51,735
01/01/2017 12:00:00 AM,"Sussex County, Virginia",6973,1244,167,175,78,51,183
01/01/2017 12:00:00 AM,"Fairfax city, Virginia",22906,1797,173,19,123,51,600
01/01/2017 12:00:00 AM,"Waynesboro city, Virginia",21245,3691,476,343,306,51,820
01/01/2017 12:00:00 AM,"Manassas city, Virginia",41257,3633,608,532,386,51,683
01/01/2017 12:00:00 AM,"Roanoke city, Virginia",97503,21046,2322,2640,2166,51,770
01/01/2017 12:00:00 AM,"Salem city, Virginia",23121,2054,158,211,218,51,775
01/01/2017 12:00:00 AM,"Suffolk city, Virginia",87124,9757,1177,1274,1173,51,800
01/01/2017 12:00:00 AM,"Norfolk city, Virginia",220044,46251,6149,5016,4087,51,710
01/01/2017 12:00:00 AM,"Charlotte County, Virginia",11948,2709,210,256,314,51,037
01/01/2017 12:00:00 AM,"Chesterfield County, Virginia",331055,23707,2398,2319,2406,51,041
01/01/2017 12:00:00 AM,"Fairfax County, Virginia",1132298,69528,7493,7185,6462,51,059
01/01/2017 12:00:00 AM,"Greensville County, Virginia",8497,1447,93,196,183,51,081
01/01/2017 12:00:00 AM,"Isle of Wight County, Virginia",35728,3692,425,494,360,51,093
01/01/2017 12:00:00 AM,"James City County, Virginia",72089,5397,571,631,251,51,095
01/01/2017 12:00:00 AM,"Russell County, Virginia",27371,4829,399,325,492,51,167
01/01/2017 12:00:00 AM,"Franklin city, Virginia",8201,1361,116,231,114,51,620
01/01/2017 12:00:00 AM,"Smyth County, Virginia",30634,5316,598,371,478,51,173
01/01/2017 12:00:00 AM,"Charlottesville city, Virginia",43880,10759,626,503,377,51,540
01/01/2017 12:00:00 AM,"Lexington city, Virginia",3573,764,0,20,66,51,678
01/01/2017 12:00:00 AM,"Campbell County, Virginia",54490,6366,451,501,552,51,031
01/01/2017 12:00:00 AM,"Henrico County, Virginia",321074,33510,4395,4127,3629,51,087
01/01/2017 12:00:00 AM,"Henry County, Virginia",51315,9843,926,1263,1091,51,089
01/01/2017 12:00:00 AM,"King George County, Virginia",25348,1449,245,148,143,51,099
01/01/2017 12:00:00 AM,"Louisa County, Virginia",34523,4057,374,394,319,51,109
01/01/2017 12:00:00 AM,"King William County, Virginia",16258,1775,183,324,431,51,101
01/01/2017 12:00:00 AM,"Lancaster County, Virginia",10757,1178,111,36,79,51,103
01/01/2017 12:00:00 AM,"Lee County, Virginia",22887,5994,531,524,572,51,105
01/01/2017 12:00:00 AM,"Mathews County, Virginia",8753,932,84,136,90,51,115
01/01/2017 12:00:00 AM,"Middlesex County, Virginia",10360,1059,103,58,71,51,119
01/01/2017 12:00:00 AM,"Prince Edward County, Virginia",18394,3933,212,306,196,51,147
01/01/2017 12:00:00 AM,"Prince George County, Virginia",33653,4134,590,567,439,51,149
01/01/2017 12:00:00 AM,"Richmond County, Virginia",7147,1246,51,291,85,51,159
01/01/2017 12:00:00 AM,"Rockingham County, Virginia",76696,7844,985,695,903,51,165
01/01/2017 12:00:00 AM,"Scott County, Virginia",21492,3797,379,302,242,51,169
01/01/2017 12:00:00 AM,"Spotsylvania County, Virginia",129250,10296,1284,970,1264,51,177
01/01/2017 12:00:00 AM,"Surry County, Virginia",6670,909,80,96,70,51,181
01/01/2017 12:00:00 AM,"Appomattox County, Virginia",15372,2210,221,314,202,51,011
01/01/2017 12:00:00 AM,"Clarke County, Virginia",14118,1470,191,149,219,51,043
01/01/2017 12:00:00 AM,"Franklin County, Virginia",54634,8106,960,851,610,51,067
01/01/2017 12:00:00 AM,"King and Queen County, Virginia",7052,1100,107,153,216,51,097
01/01/2017 12:00:00 AM,"Mecklenburg County, Virginia",29900,5043,311,454,548,51,117
01/01/2017 12:00:00 AM,"Montgomery County, Virginia",88503,21058,955,588,808,51,121
01/01/2017 12:00:00 AM,"New Kent County, Virginia",19899,1017,162,52,83,51,127
01/01/2017 12:00:00 AM,"Augusta County, Virginia",70860,6260,400,656,667,51,015
01/01/2017 12:00:00 AM,"Cumberland County, Virginia",9677,2107,340,151,306,51,049
01/01/2017 12:00:00 AM,"Dickenson County, Virginia",14700,3388,413,345,242,51,051
01/01/2017 12:00:00 AM,"Goochland County, Virginia",20998,1120,35,118,97,51,075
01/01/2017 12:00:00 AM,"Halifax County, Virginia",34288,6423,582,777,496,51,083
01/01/2017 12:00:00 AM,"Loudoun County, Virginia",372814,13727,1233,1034,1604,51,107
01/01/2017 12:00:00 AM,"Madison County, Virginia",12931,1264,89,71,50,51,113
01/01/2017 12:00:00 AM,"Prince William County, Virginia",445147,30938,4571,4256,3218,51,153
01/01/2017 12:00:00 AM,"Roanoke County, Virginia",91076,7270,417,803,758,51,161
01/01/2017 12:00:00 AM,"Southampton County, Virginia",16582,1948,177,208,161,51,175
01/01/2017 12:00:00 AM,"Highland County, Virginia",2181,231,25,0,9,51,091
01/01/2017 12:00:00 AM,"Brunswick County, Virginia",14269,2981,450,352,371,51,025
01/01/2017 12:00:00 AM,"Caroline County, Virginia",27713,3300,370,408,559,51,033
01/01/2017 12:00:00 AM,"Gloucester County, Virginia",36760,3193,291,231,379,51,073
01/01/2017 12:00:00 AM,"Northampton County, Virginia",11659,2367,351,287,208,51,131
01/01/2017 12:00:00 AM,"Patrick County, Virginia",17615,3561,541,432,344,51,141
01/01/2017 12:00:00 AM,"Powhatan County, Virginia",25725,1423,36,158,67,51,145
01/01/2017 12:00:00 AM,"Rockbridge County, Virginia",22198,3465,301,359,268,51,163
01/01/2017 12:00:00 AM,"Shenandoah County, Virginia",42389,4359,304,351,376,51,171
01/01/2017 12:00:00 AM,"Fauquier County, Virginia",67996,4190,493,478,339,51,061
01/01/2013 12:00:00 AM,"Accomack County, Virginia",32730,6725,802,781,464,51,001
01/01/2013 12:00:00 AM,"Albemarle County, Virginia",93901,9552,773,507,882,51,003
01/01/2013 12:00:00 AM,"Alleghany County, Virginia",15951,2014,197,277,117,51,005
01/01/2013 12:00:00 AM,"Amelia County, Virginia",12605,1051,84,26,68,51,007
01/01/2013 12:00:00 AM,"Amherst County, Virginia",31219,3555,202,239,290,51,009
01/01/2013 12:00:00 AM,"Appomattox County, Virginia",14851,2632,185,384,364,51,011
01/01/2013 12:00:00 AM,"Arlington County, Virginia",211993,16899,1319,1289,1283,51,013
01/01/2013 12:00:00 AM,"Augusta County, Virginia",69942,6639,723,449,721,51,015
01/01/2013 12:00:00 AM,"Bath County, Virginia",4635,759,142,83,83,51,017
01/01/2013 12:00:00 AM,"Bedford County, Virginia",68834,5675,591,608,402,51,019
01/01/2013 12:00:00 AM,"Bland County, Virginia",5853,969,126,93,105,51,021
01/01/2013 12:00:00 AM,"Botetourt County, Virginia",32737,2522,206,264,287,51,023
01/01/2013 12:00:00 AM,"Brunswick County, Virginia",14801,3548,552,326,304,51,025
01/01/2013 12:00:00 AM,"Buchanan County, Virginia",22854,5924,666,605,579,51,027
01/01/2013 12:00:00 AM,"Buckingham County, Virginia",13585,3124,345,295,509,51,029
01/01/2013 12:00:00 AM,"Campbell County, Virginia",54407,7974,846,701,825,51,031
01/01/2013 12:00:00 AM,"Caroline County, Virginia",27211,3444,347,446,503,51,033
01/01/2013 12:00:00 AM,"Carroll County, Virginia",29820,5411,552,629,427,51,035
01/01/2013 12:00:00 AM,"Charles City County, Virginia",7190,850,55,53,84,51,036
01/01/2013 12:00:00 AM,"Charlotte County, Virginia",12292,2200,357,165,243,51,037
01/01/2013 12:00:00 AM,"Chesterfield County, Virginia",315276,21240,2344,2402,2124,51,041
01/01/2013 12:00:00 AM,"Clarke County, Virginia",13904,926,78,23,45,51,043
01/01/2013 12:00:00 AM,"Craig County, Virginia",5165,449,49,88,37,51,045
01/01/2013 12:00:00 AM,"Culpeper County, Virginia",45568,4168,426,555,445,51,047
01/01/2013 12:00:00 AM,"Cumberland County, Virginia",9898,1611,298,80,226,51,049
01/01/2013 12:00:00 AM,"Dickenson County, Virginia",15492,3243,411,308,320,51,051
01/01/2013 12:00:00 AM,"Dinwiddie County, Virginia",27383,3610,297,285,284,51,053
01/01/2013 12:00:00 AM,"Essex County, Virginia",11065,1233,125,110,74,51,057
01/01/2013 12:00:00 AM,"Fairfax County, Virginia",1091945,64274,7836,6398,5675,51,059
01/01/2013 12:00:00 AM,"Fauquier County, Virginia",65526,3639,436,310,207,51,061
01/01/2013 12:00:00 AM,"Floyd County, Virginia",15293,1935,104,170,207,51,063
01/01/2013 12:00:00 AM,"Fluvanna County, Virginia",24564,1733,132,71,253,51,065
01/01/2013 12:00:00 AM,"Franklin County, Virginia",54606,7626,683,919,1093,51,067
01/01/2013 12:00:00 AM,"Frederick County, Virginia",78174,5547,676,449,613,51,069
01/01/2013 12:00:00 AM,"Giles County, Virginia",16939,2255,160,151,197,51,071
01/01/2013 12:00:00 AM,"Gloucester County, Virginia",36565,3360,199,225,508,51,073
01/01/2013 12:00:00 AM,"Goochland County, Virginia",19335,1081,143,57,160,51,075
01/01/2013 12:00:00 AM,"Grayson County, Virginia",15080,2884,370,174,367,51,077
01/01/2013 12:00:00 AM,"Greene County, Virginia",18421,2212,468,212,110,51,079
01/01/2013 12:00:00 AM,"Greensville County, Virginia",8396,1815,259,282,231,51,081
01/01/2013 12:00:00 AM,"Halifax County, Virginia",35151,7488,745,776,892,51,083
01/01/2013 12:00:00 AM,"Hanover County, Virginia",98006,5019,426,222,522,51,085
01/01/2013 12:00:00 AM,"Henrico County, Virginia",307669,32877,4641,3212,3252,51,087
01/01/2013 12:00:00 AM,"Henry County, Virginia",52848,9037,1010,1082,909,51,089
01/01/2013 12:00:00 AM,"Highland County, Virginia",2272,231,4,35,2,51,091
01/01/2013 12:00:00 AM,"Isle of Wight County, Virginia",35190,4219,596,516,432,51,093
01/01/2013 12:00:00 AM,"James City County, Virginia",67339,5846,792,568,351,51,095
01/01/2013 12:00:00 AM,"King and Queen County, Virginia",7020,649,78,159,39,51,097
01/01/2013 12:00:00 AM,"King George County, Virginia",23783,1700,353,178,140,51,099
01/01/2013 12:00:00 AM,"King William County, Virginia",15861,1508,92,276,188,51,101
01/01/2013 12:00:00 AM,"Lancaster County, Virginia",11102,1304,111,113,61,51,103
01/01/2013 12:00:00 AM,"Lee County, Virginia",23968,6414,726,607,742,51,105
01/01/2013 12:00:00 AM,"Loudoun County, Virginia",324849,11789,1442,970,1138,51,107
01/01/2013 12:00:00 AM,"Louisa County, Virginia",33219,3435,410,334,197,51,109
01/01/2013 12:00:00 AM,"Lunenburg County, Virginia",11293,2550,354,251,174,51,111
01/01/2013 12:00:00 AM,"Madison County, Virginia",13078,1745,223,281,54,51,113
01/01/2013 12:00:00 AM,"Mathews County, Virginia",8857,895,179,148,66,51,115
01/01/2013 12:00:00 AM,"Mecklenburg County, Virginia",30715,6014,696,759,360,51,117
01/01/2013 12:00:00 AM,"Middlesex County, Virginia",10543,986,56,82,111,51,119
01/01/2013 12:00:00 AM,"Montgomery County, Virginia",84935,20831,1174,645,777,51,121
01/01/2013 12:00:00 AM,"Nelson County, Virginia",14666,2089,128,65,114,51,125
01/01/2013 12:00:00 AM,"New Kent County, Virginia",18238,1074,107,68,117,51,127
01/01/2013 12:00:00 AM,"Northampton County, Virginia",12076,2940,379,261,167,51,131
01/01/2013 12:00:00 AM,"Northumberland County, Virginia",12313,1366,31,0,272,51,133
01/01/2013 12:00:00 AM,"Nottoway County, Virginia",14742,2476,211,104,118,51,135
01/01/2013 12:00:00 AM,"Orange County, Virginia",33288,4179,459,570,421,51,137
01/01/2013 12:00:00 AM,"Page County, Virginia",23723,3579,413,177,265,51,139
01/01/2013 12:00:00 AM,"Patrick County, Virginia",18198,3107,208,352,185,51,141
01/01/2013 12:00:00 AM,"Pittsylvania County, Virginia",62012,9007,874,809,981,51,143
01/01/2013 12:00:00 AM,"Powhatan County, Virginia",24841,1347,42,106,83,51,145
01/01/2013 12:00:00 AM,"Prince Edward County, Virginia",18496,3659,412,392,186,51,147
01/01/2013 12:00:00 AM,"Prince George County, Virginia",31687,2581,210,277,264,51,149
01/01/2013 12:00:00 AM,"Prince William County, Virginia",410968,26045,3501,3492,3483,51,153
01/01/2013 12:00:00 AM,"Pulaski County, Virginia",33768,4691,385,289,469,51,155
01/01/2013 12:00:00 AM,"Rappahannock County, Virginia",7380,800,59,40,164,51,157
01/01/2013 12:00:00 AM,"Richmond County, Virginia",7321,940,51,34,100,51,159
01/01/2013 12:00:00 AM,"Roanoke County, Virginia",90864,5989,433,395,621,51,161
01/01/2013 12:00:00 AM,"Rockbridge County, Virginia",22095,2780,247,119,277,51,163
01/01/2013 12:00:00 AM,"Rockingham County, Virginia",75238,7860,1014,687,1089,51,165
01/01/2013 12:00:00 AM,"Russell County, Virginia",28356,5471,454,380,463,51,167
01/01/2013 12:00:00 AM,"Scott County, Virginia",22463,4118,415,374,369,51,169
01/01/2013 12:00:00 AM,"Shenandoah County, Virginia",41793,4887,444,464,704,51,171
01/01/2013 12:00:00 AM,"Smyth County, Virginia",31343,5769,980,519,491,51,173
01/01/2013 12:00:00 AM,"Southampton County, Virginia",17177,2745,231,296,293,51,175
01/01/2013 12:00:00 AM,"Spotsylvania County, Virginia",123592,9383,1319,938,966,51,177
01/01/2013 12:00:00 AM,"Stafford County, Virginia",127998,6549,782,883,724,51,179
01/01/2013 12:00:00 AM,"Surry County, Virginia",6922,798,93,75,56,51,181
01/01/2013 12:00:00 AM,"Sussex County, Virginia",8436,1290,142,65,44,51,183
01/01/2013 12:00:00 AM,"Tazewell County, Virginia",43407,7942,787,769,617,51,185
01/01/2013 12:00:00 AM,"Warren County, Virginia",37087,3466,335,305,240,51,187
01/01/2013 12:00:00 AM,"Washington County, Virginia",53290,6449,508,409,580,51,191
01/01/2013 12:00:00 AM,"Westmoreland County, Virginia",17409,2246,128,139,137,51,193
01/01/2013 12:00:00 AM,"Wise County, Virginia",38201,8366,957,886,594,51,195
01/01/2013 12:00:00 AM,"Wythe County, Virginia",28934,4160,437,330,427,51,197
01/01/2013 12:00:00 AM,"York County, Virginia",64603,3655,259,380,540,51,199
01/01/2013 12:00:00 AM,"Alexandria city, Virginia",142321,11980,1174,1239,1011,51,510
01/01/2013 12:00:00 AM,"Bedford city, Virginia",5837,1093,115,76,26,51,515
01/01/2013 12:00:00 AM,"Bristol city, Virginia",17282,3625,508,351,402,51,520
01/01/2013 12:00:00 AM,"Buena Vista city, Virginia",6272,1293,160,135,91,51,530
01/01/2013 12:00:00 AM,"Charlottesville city, Virginia",40835,11229,502,331,325,51,540
01/01/2013 12:00:00 AM,"Chesapeake city, Virginia",219234,18714,2220,2725,1656,51,550
01/01/2013 12:00:00 AM,"Colonial Heights city, Virginia",17265,1600,192,198,159,51,570
01/01/2013 12:00:00 AM,"Covington city, Virginia",5805,1235,40,78,226,51,580
01/01/2013 12:00:00 AM,"Danville city, Virginia",41391,11331,1821,1177,1120,51,590
01/01/2013 12:00:00 AM,"Emporia city, Virginia",5548,1608,264,72,100,51,595
01/01/2013 12:00:00 AM,"Fairfax city, Virginia",22458,1619,89,90,181,51,600
01/01/2013 12:00:00 AM,"Falls Church city, Virginia",12725,504,41,41,44,51,610
01/01/2013 12:00:00 AM,"Franklin city, Virginia",8384,1928,284,205,275,51,620
01/01/2013 12:00:00 AM,"Fredericksburg city, Virginia",23384,4342,571,236,303,51,630
01/01/2013 12:00:00 AM,"Galax city, Virginia",6687,1690,218,358,127,51,640
01/01/2013 12:00:00 AM,"Hampton city, Virginia",132047,19618,2625,2525,2333,51,650
01/01/2013 12:00:00 AM,"Harrisonburg city, Virginia",42330,14188,898,487,267,51,660
01/01/2013 12:00:00 AM,"Hopewell city, Virginia",21893,4396,657,343,617,51,670
01/01/2013 12:00:00 AM,"Lexington city, Virginia",3502,881,140,39,42,51,678
01/01/2013 12:00:00 AM,"Lynchburg city, Virginia",66931,16550,2164,1313,1208,51,680
01/01/2013 12:00:00 AM,"Manassas city, Virginia",39207,4590,869,597,476,51,683
01/01/2013 12:00:00 AM,"Manassas Park city, Virginia",15102,1062,162,89,122,51,685
01/01/2013 12:00:00 AM,"Martinsville city, Virginia",13354,3627,467,240,384,51,690
01/01/2013 12:00:00 AM,"Newport News city, Virginia",172479,26163,4295,3408,2422,51,700
01/01/2013 12:00:00 AM,"Norfolk city, Virginia",221210,42580,5864,4876,3570,51,710
01/01/2013 12:00:00 AM,"Norton city, Virginia",3949,715,51,16,49,51,720
01/01/2013 12:00:00 AM,"Petersburg city, Virginia",31621,8439,1425,939,762,51,730
01/01/2013 12:00:00 AM,"Poquoson city, Virginia",12024,673,8,76,159,51,735
01/01/2013 12:00:00 AM,"Portsmouth city, Virginia",92399,16988,2703,2176,1978,51,740
01/01/2013 12:00:00 AM,"Radford city, Virginia",13769,5194,79,140,163,51,750
01/01/2013 12:00:00 AM,"Richmond city, Virginia",197932,50681,6363,4654,3713,51,760
01/01/2013 12:00:00 AM,"Roanoke city, Virginia",95443,21360,3152,2187,1703,51,770
01/01/2013 12:00:00 AM,"Salem city, Virginia",23064,2693,240,148,193,51,775
01/01/2013 12:00:00 AM,"Staunton city, Virginia",22668,4079,430,468,394,51,790
01/01/2013 12:00:00 AM,"Suffolk city, Virginia",83806,9528,1483,1357,1102,51,800
01/01/2013 12:00:00 AM,"Virginia Beach city, Virginia",431070,33928,5013,3988,3420,51,810
01/01/2013 12:00:00 AM,"Waynesboro city, Virginia",20715,4125,420,625,434,51,820
01/01/2013 12:00:00 AM,"Williamsburg city, Virginia",10048,1960,39,70,47,51,830
01/01/2013 12:00:00 AM,"Winchester city, Virginia",25516,5138,539,574,419,51,840
